Name,MBID,URL,Small Image,Image
Andy Williams,81e23b53-ede9-4321-a210-d29e94cf1398,https://www.last.fm/music/Andy+Williams,https://lastfm.freetls.fastly.net/i/u/34s/2a96cbd8b46e442fc41c2b86b821562f.png,https://lastfm.freetls.fastly.net/i/u/300x300/2a96cbd8b46e442fc41c2b86b821562f.png
Andy Grammer,9e60ea29-9607-4f7d-aa96-2092ef41f0d3,https://www.last.fm/music/Andy+Grammer,https://lastfm.freetls.fastly.net/i/u/34s/2a96cbd8b46e442fc41c2b86b821562f.png,https://lastfm.freetls.fastly.net/i/u/300x300/2a96cbd8b46e442fc41c2b86b821562f.png
Andy Stott,ecf5ab37-019f-4cc1-9fdc-218de6a41b65,https://www.last.fm/music/Andy+Stott,https://lastfm.freetls.fastly.net/i/u/34s/2a96cbd8b46e442fc41c2b86b821562f.png,https://lastfm.freetls.fastly.net/i/u/300x300/2a96cbd8b46e442fc41c2b86b821562f.png
Andy Shauf,7a3809ff-b299-441b-a963-1c7bd635db78,https://www.last.fm/music/Andy+Shauf,https://lastfm.freetls.fastly.net/i/u/34s/2a96cbd8b46e442fc41c2b86b821562f.png,https://lastfm.freetls.fastly.net/i/u/300x300/2a96cbd8b46e442fc41c2b86b821562f.png
Andy McKee,ace6f877-f619-4c6d-b32e-f7b8ba8b2043,https://www.last.fm/music/Andy+McKee,https://lastfm.freetls.fastly.net/i/u/34s/2a96cbd8b46e442fc41c2b86b821562f.png,https://lastfm.freetls.fastly.net/i/u/300x300/2a96cbd8b46e442fc41c2b86b821562f.png
Andy Black,,https://www.last.fm/music/Andy+Black,https://lastfm.freetls.fastly.net/i/u/34s/2a96cbd8b46e442fc41c2b86b821562f.png,https://lastfm.freetls.fastly.net/i/u/300x300/2a96cbd8b46e442fc41c2b86b821562f.png
andymori,faa718bc-dac3-4f55-99c5-2db829f73a3d,https://www.last.fm/music/andymori,https://lastfm.freetls.fastly.net/i/u/34s/2a96cbd8b46e442fc41c2b86b821562f.png,https://lastfm.freetls.fastly.net/i/u/300x300/2a96cbd8b46e442fc41c2b86b821562f.png
Andy Mineo,dcff5644-d6b9-49ef-91df-f14810e51dfb,https://www.last.fm/music/Andy+Mineo,https://lastfm.freetls.fastly.net/i/u/34s/2a96cbd8b46e442fc41c2b86b821562f.png,https://lastfm.freetls.fastly.net/i/u/300x300/2a96cbd8b46e442fc41c2b86b821562f.png
Horace Andy,2027b08d-45b1-4fb5-aa6d-f6ccc4db78e5,https://www.last.fm/music/Horace+Andy,https://lastfm.freetls.fastly.net/i/u/34s/2a96cbd8b46e442fc41c2b86b821562f.png,https://lastfm.freetls.fastly.net/i/u/300x300/2a96cbd8b46e442fc41c2b86b821562f.png
Andy Moor,d8c1c853-98bb-47c0-8223-cf05d4fba705,https://www.last.fm/music/Andy+Moor,https://lastfm.freetls.fastly.net/i/u/34s/2a96cbd8b46e442fc41c2b86b821562f.png,https://lastfm.freetls.fastly.net/i/u/300x300/2a96cbd8b46e442fc41c2b86b821562f.png
Andy Timmons,b61cbe2a-04a6-4a4d-8c65-08323318b62a,https://www.last.fm/music/Andy+Timmons,https://lastfm.freetls.fastly.net/i/u/34s/2a96cbd8b46e442fc41c2b86b821562f.png,https://lastfm.freetls.fastly.net/i/u/300x300/2a96cbd8b46e442fc41c2b86b821562f.png
Miyagi & Andy Panda,,https://www.last.fm/music/Miyagi+&+Andy+Panda,https://lastfm.freetls.fastly.net/i/u/34s/2a96cbd8b46e442fc41c2b86b821562f.png,https://lastfm.freetls.fastly.net/i/u/300x300/2a96cbd8b46e442fc41c2b86b821562f.png
Andy Gibb,f1d174fc-6bd9-41fe-b4c8-972ab578fb5c,https://www.last.fm/music/Andy+Gibb,https://lastfm.freetls.fastly.net/i/u/34s/2a96cbd8b46e442fc41c2b86b821562f.png,https://lastfm.freetls.fastly.net/i/u/300x300/2a96cbd8b46e442fc41c2b86b821562f.png
Andy James,6215d7ae-ef90-4d66-b4ec-3c6af9091e0e,https://www.last.fm/music/Andy+James,https://lastfm.freetls.fastly.net/i/u/34s/2a96cbd8b46e442fc41c2b86b821562f.png,https://lastfm.freetls.fastly.net/i/u/300x300/2a96cbd8b46e442fc41c2b86b821562f.png
Andy C,ec853694-30a1-4c7e-84e6-4ca87ee3c314,https://www.last.fm/music/Andy+C,https://lastfm.freetls.fastly.net/i/u/34s/2a96cbd8b46e442fc41c2b86b821562f.png,https://lastfm.freetls.fastly.net/i/u/300x300/2a96cbd8b46e442fc41c2b86b821562f.png
Andy Hunter°,950e5ae2-2d7d-46de-9ed8-5e9d5617bbab,https://www.last.fm/music/Andy+Hunter%C2%B0,https://lastfm.freetls.fastly.net/i/u/34s/2a96cbd8b46e442fc41c2b86b821562f.png,https://lastfm.freetls.fastly.net/i/u/300x300/2a96cbd8b46e442fc41c2b86b821562f.png
Andy Hull and Robert McDowell,,https://www.last.fm/music/Andy+Hull+and+Robert+McDowell,https://lastfm.freetls.fastly.net/i/u/34s/2a96cbd8b46e442fc41c2b86b821562f.png,https://lastfm.freetls.fastly.net/i/u/300x300/2a96cbd8b46e442fc41c2b86b821562f.png
Andy Bell,83f2601a-81f9-432b-bbd9-8e01168ae3f4,https://www.last.fm/music/Andy+Bell,https://lastfm.freetls.fastly.net/i/u/34s/2a96cbd8b46e442fc41c2b86b821562f.png,https://lastfm.freetls.fastly.net/i/u/300x300/2a96cbd8b46e442fc41c2b86b821562f.png
Headband Andy,,https://www.last.fm/music/Headband+Andy,https://lastfm.freetls.fastly.net/i/u/34s/2a96cbd8b46e442fc41c2b86b821562f.png,https://lastfm.freetls.fastly.net/i/u/300x300/2a96cbd8b46e442fc41c2b86b821562f.png
Andy Burrows,644760bc-83a3-4c42-ba7c-c19ab0c53d8e,https://www.last.fm/music/Andy+Burrows,https://lastfm.freetls.fastly.net/i/u/34s/2a96cbd8b46e442fc41c2b86b821562f.png,https://lastfm.freetls.fastly.net/i/u/300x300/2a96cbd8b46e442fc41c2b86b821562f.png
Andy Rivera,d33b1bfa-d9e4-4543-b022-6b3fc87b1634,https://www.last.fm/music/Andy+Rivera,https://lastfm.freetls.fastly.net/i/u/34s/2a96cbd8b46e442fc41c2b86b821562f.png,https://lastfm.freetls.fastly.net/i/u/300x300/2a96cbd8b46e442fc41c2b86b821562f.png
Andy & Lucas,5dec643a-423f-4051-ac13-87e59525ad74,https://www.last.fm/music/Andy+&+Lucas,https://lastfm.freetls.fastly.net/i/u/34s/2a96cbd8b46e442fc41c2b86b821562f.png,https://lastfm.freetls.fastly.net/i/u/300x300/2a96cbd8b46e442fc41c2b86b821562f.png
Andy Caldwell,07a2dd02-a308-4d15-a76d-204b7660830f,https://www.last.fm/music/Andy+Caldwell,https://lastfm.freetls.fastly.net/i/u/34s/2a96cbd8b46e442fc41c2b86b821562f.png,https://lastfm.freetls.fastly.net/i/u/300x300/2a96cbd8b46e442fc41c2b86b821562f.png
Andy Davis,c1179cec-9bf8-4d9b-8c07-c9f488fca7e7,https://www.last.fm/music/Andy+Davis,https://lastfm.freetls.fastly.net/i/u/34s/2a96cbd8b46e442fc41c2b86b821562f.png,https://lastfm.freetls.fastly.net/i/u/300x300/2a96cbd8b46e442fc41c2b86b821562f.png
Andy Bull,3a837db9-0602-4957-8340-05ae82bc39ef,https://www.last.fm/music/Andy+Bull,https://lastfm.freetls.fastly.net/i/u/34s/2a96cbd8b46e442fc41c2b86b821562f.png,https://lastfm.freetls.fastly.net/i/u/300x300/2a96cbd8b46e442fc41c2b86b821562f.png
Andy Blueman,ee7e4718-3615-491e-ac03-42cf6363cd5a,https://www.last.fm/music/Andy+Blueman,https://lastfm.freetls.fastly.net/i/u/34s/2a96cbd8b46e442fc41c2b86b821562f.png,https://lastfm.freetls.fastly.net/i/u/300x300/2a96cbd8b46e442fc41c2b86b821562f.png
Andy Montañez,6bc17c45-0c18-4665-aa5a-87b201ff0a17,https://www.last.fm/music/Andy+Monta%C3%B1ez,https://lastfm.freetls.fastly.net/i/u/34s/2a96cbd8b46e442fc41c2b86b821562f.png,https://lastfm.freetls.fastly.net/i/u/300x300/2a96cbd8b46e442fc41c2b86b821562f.png
Andy Duguid,375ced68-abd8-4ed3-8305-25fc789e116c,https://www.last.fm/music/Andy+Duguid,https://lastfm.freetls.fastly.net/i/u/34s/2a96cbd8b46e442fc41c2b86b821562f.png,https://lastfm.freetls.fastly.net/i/u/300x300/2a96cbd8b46e442fc41c2b86b821562f.png
Andy Panda,,https://www.last.fm/music/Andy+Panda,https://lastfm.freetls.fastly.net/i/u/34s/2a96cbd8b46e442fc41c2b86b821562f.png,https://lastfm.freetls.fastly.net/i/u/300x300/2a96cbd8b46e442fc41c2b86b821562f.png
Andy Griggs,47b44a5b-237a-42e0-aaf6-c1f9116716ba,https://www.last.fm/music/Andy+Griggs,https://lastfm.freetls.fastly.net/i/u/34s/2a96cbd8b46e442fc41c2b86b821562f.png,https://lastfm.freetls.fastly.net/i/u/300x300/2a96cbd8b46e442fc41c2b86b821562f.png
